question,selected,diversity
非法微整形机构构成非法经营罪吗,"非法微整形机构是否构成非法经营罪？, 非法从事微整形服务是否能构成非法经营罪？, 从事非法微整形服务是否会涉及非法经营罪？, 微整形机构未经许可从事服务是否会触犯非法经营罪的相关规定？, 未经许可从事微整形项目会构成非法经营罪吗？",6.557180792093277
入室持刀行凶伤人能不能判刑,"入室持刀伤人会被判刑吗？, 入室伤人持刀是否会判刑？, 入室暴力伤人持刀会怎么判刑？, 持刀伤人入室行为会怎么判刑？, 入室行凶伤人持刀会受到怎样的刑罚？",6.882711410522461
我在辅道正常右转进主道，主道有两个车，后面的车占用对向车道超车，撞了是谁的责任,"在辅道右转进入主道时，如果主道上有两辆车，后面的车占用对向车道超车并发生碰撞，应该由谁负责？, 如果辅道正常右转进入主道，后面的车占用对向车道超车并发生碰撞，应该由谁负责赔偿？, 如果在辅道正常右转进入主道时，后面的车越过对向车道超车并发生碰撞，责任该由谁负担？, 辅道正常右转进入主道时，后面的车辆因为占用对向车道发生超车碰撞，责任由谁负担？, 辅道右转进入主道时，后面的车辆因占用对向车道超车发生碰撞，这种情况下谁应承担责任？",7.867701590061188
对交通事故责任认定书不服怎么办，交通事故损,"如果我对交通事故责任认定书有异议，应该怎么办？, 如果对交通事故责任认定有异议，应该去哪里复议？, 如果我对交通事故责任认定不服，复议时需要注意什么？, 如果对交通事故责任认定书的内容不满，复议要在多少天内进行？, 对交通事故责任认定书不服，复议时需要提供什么材料？",6.142129719257355
二审一般要多久,"二审一般需要多久才能审结？, 二审案件一般多久可以结束？, 二审的审理一般在多长时间内完成？, 二审立案后，审理时间一般为多长？, 二审立案后是否一定要在三个月内审结？",5.112867712974548
欠钱没有欠条有录音能起诉吗,"如果没有欠条，但有录音证据能起诉吗？, 如果欠款没有欠条，但有录音证明，可以提起诉讼吗？, 如果没有欠条，且有录音和其他证据，能否立案？, 没有书面欠条，但有合法的录音，可以用于诉讼吗？, 没有书面欠条，录音能作为证据起诉吗？",6.132634878158569
帮助别人套花呗违法吗,"用花呗套现收取手续费是否合法？, 花呗套现过程中收取手续费是否合法？, 通过花呗套现收取手续费是否属于非法行为？, 在花呗套现过程中收取费用是否违法？, 花呗套现并收取手续费的行为是否触犯法律？",6.9211745262146
因工作被三处烫伤，伤为三级烫伤，三处都需要植皮，鉴定能达到几级？,"我因工作受伤，三处烫伤为三级烫伤，植皮治疗后，能评定为几级伤残？, 我因工作受伤，三级烫伤并需植皮治疗，能评定为几级伤残？, 我在工作中被三处三级烫伤，需要植皮，伤残评定是几级？, 如果因工作被烫伤到三级，且需要植皮治疗，伤残评定是多少级？, 如果工作中遭遇三级烫伤并且需要植皮，伤残等级会评定为几级？",6.813047885894775
从合伙经营公司撤资，只给欠条有用吗,"从合伙公司撤资后，欠条是否有效？, 合伙人撤资后，欠条是否能够被法院认可为有效凭证？, 在合伙关系解除后，欠条是否能够作为有效的债权文件？, 合伙关系解除后，欠条能否作为有效的债权凭证？, 合伙关系解除后，欠条能否作为清算时的债权证明？",6.155162751674652
事故中我摩托车付次要责任，自行车付主要责任，我怎赔他医药费,"如果我在摩托车事故中负次要责任，自行车方负主要责任，我需要赔偿他多少医药费？, 如果我在摩托车事故中负次要责任，交强险如何支付他的医药费？我自己该怎么赔偿？, 如果我摩托车在事故中负次要责任，且交强险可以覆盖医药费用，那我应该支付多少部分的医疗费？, 摩托车事故中，如果我承担次要责任，交强险赔付的医疗费用能涵盖多少，我如何分担剩余部分？, 如果我在事故中负次要责任，交强险的赔偿额度有限，我如何按比例支付超过额度的医疗费？",5.986979156732559
车祸小脑出血昏迷了5天怎么办,"车祸导致小脑出血昏迷了5天，应该怎么处理？, 如果车祸造成小脑出血并昏迷了5天，应该怎么办？, 车祸致使小脑出血昏迷五天，接下来如何处理？, 发生车祸后，小脑出血导致昏迷5天，接下来该如何应对？, 车祸导致昏迷五天的小脑出血，责任明确后怎么处理赔偿？",6.6008471846580505
哪些情况可以先行刑事拘留,"在哪些情况下可以对嫌疑人采取刑事拘留？, 依照法律，哪些情形下应当对嫌疑人实施刑事拘留？, 哪些情况可以作为对犯罪嫌疑人采取刑事拘留的理由？, 在哪些情况下，犯罪嫌疑人可以被先行拘留？, 在何种情况下，犯罪嫌疑人可能会被刑事拘留？",6.450498521327972
在工地上面出了安全事故怎么来维护自己的权,"如果在工地上发生了安全事故，应该如何保护自己的权益？, 在工地上发生安全事故后，我如何保证自己的权益得到保障？, 工地事故导致受伤，我应该如何维护自己的合法权益？, 发生工地安全事故后，如何主张自己的工伤赔偿？, 在工地上发生事故，如何证明自己的工伤并申请赔偿？",6.100597560405731
申请和受理劳动争议调解仲裁时间上有什么限制,"劳动争议申请仲裁的时效是多久？, 劳动争议申请仲裁的时间限制是多长？, 劳动争议申请仲裁的时效期限是怎样计算的？, 劳动争议仲裁申请的时效是如何规定的？, 劳动争议申请仲裁的时效期是否有明确规定？",6.961963951587677
商标注册有什么相对禁止的条件,"商标注册有哪些显著特征要求？, 三维商标注册时有哪些特殊限制？, 商标注册时有哪些标准来防止不良社会影响？, 注册商标时，地理标志有哪些禁忌？, 申请商标时，哪些标志是不能使用的？",4.398301392793655
取保侯审期间酒后驾车交警抓住怎么处理？,"被取保候审期间如果酒后驾车被交警抓住怎么处理？, 在取保候审期间酒后驾驶被交警抓到怎么办？, 如果取保候审期间酒驾被交警抓住，应该怎么办？, 如果取保候审期间被抓到酒后驾车，应该如何应对？, 取保候审期间酒后驾车被发现后，应该如何处理？",7.381963491439819
公司破产孕妇怎么赔偿,"公司破产后，孕妇能获得怎样的赔偿？, 用人单位破产后，孕妇应该得到什么形式的赔偿？, 用人单位破产后，孕妇能得到多少补偿？, 如果单位破产，孕妇会得到多少赔偿？, 在单位破产的情况下，孕妇能要求哪些赔偿？",6.8270018100738525
委托专业律师草拟购房合同多少费用,"请问我委托专业律师起草购房合同需要支付多少费用？, 请问购买房产时，委托律师起草合同的费用大约多少？, 请问委托律师草拟购房合同的费用范围大概是怎样的？, 请告知委托律师起草购房合同的费用是多少？, 律师为我起草购房合同的费用大概是多少？",7.14840042591095
签了购房合同等于取得房屋产权吗,"签了购房合同后，是否就意味着已经拥有了房屋产权？, 购房合同签署后，是否立即意味着产权转移？, 签订购房合同就意味着房屋产权转移了吗？, 购房合同签订后，房屋产权是否已经转移给购房人？, 购房合同签署后，房屋产权什么时候会转移给购房者？",6.40550684928894
迷信诈骗团伙老板和骨干会被判刑多少年,"骗局的组织者和骨干成员会被判多少年刑期？, 骗局涉及的金额达到特别巨大，团伙的核心成员会被判几年？, 骗取公私财物并达到特别巨大数额，诈骗团伙的成员会被判多长时间？, 骗取公私财物数额特别巨大，诈骗团伙的领导层会被判多少年？, 骗取公私财物数额特别巨大的情况下，诈骗团伙骨干成员的刑期是多少？",5.06592732667923
婚后买房，婆婆出了一半钱，离婚房怎么分,"婚后买的房子，婆婆出了一半钱，离婚时房产怎么分配？, 婚后买的房，婆婆出了一半的钱，离婚时怎么分配这套房产？, 婚后买的房，婆婆出了一部分资金，离婚时如何分配房子？, 婚后买的房，婆婆出了一部分钱，离婚时房子如何分？, 婚后买房，婆婆出了一部分钱，离婚时房子如何分配？",8.566477179527283
你好，我问农村住宅基地申请书怎么写？,"农村住宅用地申请书该如何撰写？, 农村住宅基地主体申请书要如何填写？, 如何写出一份完整的农村住宅基地主体申请书？, 农村住宅基地申请书中，土地使用的四至应怎么描述？, 申请农村住宅基地产权的具体内容要怎么描述？",5.4474473893642426
刑事案件，怎么收费，请律师都是有哪些费用,"刑事案件请律师的费用一般是多少？, 请刑事案件律师的费用通常包含哪些方面？, 选择律师处理刑事案件，费用通常会受到哪些因素影响？, 请律师处理刑事案件时有哪些可能的费用？, 请律师办理刑事案件的费用如何计算？",6.016010671854019
别人欠我工资我到法院起诉都要提供些什么材料,"我该准备哪些材料去法院起诉欠我工资的雇主？, 在法院起诉之前，我需要提供哪些证据和材料来证明欠薪？, 欠工资起诉之前，我需要收集哪些证据来证明自己的劳动关系？, 提起劳动仲裁后，我需要准备哪些文件来证明自己被欠工资？, 提起劳动仲裁之前，我应当提供哪些证据来支持我的工资要求？",5.30169340968132
交通事故对方主责我次责车辆修理费怎么算,"交通事故中如果对方主责，我的车辆修理费该怎么处理？, 如果在交通事故中对方是主责，我的修理费由谁来支付？, 交通事故中，对方主责，我能要求先行支付的修理费比例是多少？, 交通事故中对方主责，我应该如何索要修理费用？, 对方在事故中主责时，我能否直接要求其垫付修理费用？",6.123789757490158
请问，父亲生前欠下债务要还吗,"如果父亲去世后留下债务，作为继承人我是否需要偿还？, 父亲去世后留下的债务，我作为继承人是否要为此负责？, 父亲生前欠款，作为继承人是否会因此被要求还债？, 父亲生前有债务，继承人是否需要承担偿还责任？, 作为父亲的继承人，我是否有责任偿还他欠下的债务？",5.97396582365036
公司拖欠工资打什么电话投诉才可以,"如果公司拖欠工资，我该拨打哪个电话进行投诉？, 如果公司拖欠工资，应该向哪个部门进行投诉或举报？, 如果加班工资被拖欠，我可以联系哪个部门进行投诉？, 如果我的单位拖欠工资，我该如何向劳动监察部门申诉？, 遇到单位拖欠加班费，应该向哪个部门举报？",6.5824127197265625
钱站利息算高利贷吗？,"钱站的利息算不算高利贷？, 钱站贷款利率超过四倍基准利率，算不算法律上的高利贷？, 钱站的借款利率过高，会不会因为超过基准利率的四倍而被认定为高利贷？, 钱站的贷款利率超过国家规定的利率4倍，是否构成高利贷？, 如果在钱站借钱，利息超过银行基准利率的四倍，会被认定为高利贷吗？",4.869375854730606
你好，在公安局的笔录上画了押，还教了罚款会不会有案底,"你好，公安局的笔录会不会影响我的个人记录？, 你好，公安局做笔录后，是否影响到我的信用记录？, 你好，公安局的笔录会在以后影响我的生活吗？, 你好，公安局的笔录会对我未来有负面影响吗？, 你好，受到了公安局的批评教育，会不会影响我的记录？",6.157223433256149
假如房产证和户口本同时给租赁人办理营业执照会发生什么后果？,"如果房产证和户口本同时提供给租赁人办理营业执照，会有什么法律后果？, 如果房东为租户办理营业执照提供房产证复印件，会有什么潜在的麻烦？, 如果房产证复印件用于注册营业执照，房东会面临什么法律责任？, 提供房产证复印件给租户办理营业执照是否会带来风险？, 租户办理营业执照时，房东提供房产证复印件是否有风险？",6.154046416282654
请问我是二婚，房子是婚前买的，上午办的结婚证，下午去加的老婆名字，这样算不算夫妻共同财产,"如果我婚前买的房子，结婚后把老婆的名字加上，房子算夫妻共同财产吗？, 我婚前买的房子，结婚后加了老婆名字，这样房子会变成夫妻共同财产吗？, 房子婚前买的，但结婚后加了老婆的名字，这样房子属于夫妻共同财产吗？, 如果婚前购买的房子婚后加了老婆名字，那么这个房子是否算夫妻共同财产？, 婚前买的房子，结婚后加上老婆名字，是否视为赠与，成为夫妻共同财产？",7.471887290477753
如何区分贪污和受贿？,"如何区分贪污罪与受贿罪？, 如何判断一个行为是否属于贪污或受贿罪？, 如何根据职务的性质判断是贪污还是受贿？, 如何理解贪污和受贿对职务便利的不同利用方式？, 贪污和受贿如何界定职权范围？",4.662182509899139
公司法人变更工程代建合同是否还有效,"公司法人变更后，工程代建合同是否仍然有效？, 公司法人变更后，之前的代建合同是否依然有效？, 公司法人变更之后，代建合同的效力是否受到影响？, 公司法人变更后，合同是否继续有效，还是需要重新签订？, 如果公司法人发生变化，之前签订的合同是否仍然有效？",6.37838214635849
带未满周岁孩子无经济来源的签订担保有效吗,"如果担保人没有经济来源，签订担保合同有效吗？, 担保人没有收入来源，签订担保合同有效吗？, 作为没有经济来源的担保人，签订担保合同是否有效？, 没有经济来源的情况下，担保人签订担保合同是否能承担责任？, 没有经济来源的担保人签订担保合同是否会有问题？",6.953039169311523
女方欠男方的钱，离婚协议书要不要写让她归还？,"离婚协议书中是否需要写明女方归还男方欠款？, 在离婚协议书中是否应该写女方偿还债务？, 离婚协议中是否应列出女方偿还男方债务的条款？, 在离婚协议书中，是否应涉及女方的债务归还事项？, 离婚协议书是否应写明女方的债务偿还责任？",7.103402376174927
购房合同丢了怎么办,"如果购房合同丢失了怎么办？, 如果购房合同丢失，如何向房管局获取房屋相关证明？, 如果购房合同丢失，如何证明自己是房屋所有者？, 如果购房合同丢了，是否会影响贷款和房产证办理？, 如果合同丢失了，如何向银行申请贷款变更？",5.303326606750488
新房与效果图不一致可否退房,"如果新房的效果图与实际情况不符，是否可以要求退房？, 如果新房的实际景观与效果图不符，可以要求开发商进行换房处理吗？, 如果新房景观部分与效果图不符，是否有权要求开发商提供补偿或其他解决方案？, 新房效果图与实际不符，是否能要求开发商退房或换房？, 新房效果图上的景观被遮挡，是否能要求开发商提供补偿或换房？",6.170642584562302
公司有权没收手机吗？,"公司是否有权没收员工的手机？, 公司是否有权扣押员工的手机？, 公司是否可以查封员工的手机？, 公司是否可以随意没收员工的个人财产，如手机？, 法律是否允许公司没收员工的手机？",6.940169334411621
老板拖欠工资拒绝给押金怎么办,"老板拖欠工资不发，押金也不给退，我该怎么办？, 老板拖欠工资不还，押金也不给退，应该如何解决？, 如果公司拖欠工资不发，并且不退押金，应该怎么办？, 公司既不发工资，也不给退押金，应该怎么办？, 公司不仅拖欠工资，还不退押金，我该如何维权？",7.155949056148529
公司实行大小周，每天工作9小时，周六加班没有工资算违法吗,"如果公司实行大小周并且周六加班没有支付工资，这种做法合法吗？, 如果公司实行大小周且没有明确支付加班工资，这合法吗？, 公司规定大小周工作制，且周六不支付加班工资，这合规吗？, 公司实行大小周工作制且没有支付加班费，合法吗？, 大小周工作制且周六不支付加班工资，这种情况合法吗？",7.327378630638123
商标第38类被撤销三年不使用需要提供什么证据材料,"商标在被申请撤销连续三年不使用时，注册人需要提供哪些使用证据？, 商标被撤销申请三年不使用时，注册人需要向商标局提供哪些具体材料？, 针对商标连续三年未使用的撤销申请，注册人应该提交哪些证明材料？, 如何避免商标被撤销，注册人需提交哪些连续三年使用的证据材料？, 商标在三年内未使用的情况下，注册人应提交哪些有效证据？",6.589158117771149
经营权与所有权有什么区别,"使用经营权和所有权有什么本质区别？, 使用经营权与所有权在权利的行使上有什么差异？, 使用经营权人与所有权人有什么不同？, 使用经营权人的权利和义务与所有权人的有何不同？, 使用经营权是否等同于对物的所有权？",5.894489943981171
公积金可以异地买房么,"公积金可以在异地购买房屋吗？, 可以用公积金贷款购买外地房屋吗？, 我可以使用公积金贷款在外地买房吗？, 我能在异地利用公积金贷款买房吗？, 我是否能用公积金贷款买外地房子？",6.974294662475586
"青少年16岁殴打他人导致手指头断,会有什么惩罚赔多少合适","青少年16岁打伤他人导致手指断裂，可能面临什么法律后果？, 青少年16岁打伤他人并导致手指断裂，会面临怎样的法律程序？, 如果16岁的青少年打伤他人并导致手指断裂，应该如何承担责任？, 16岁未成年人殴打他人导致受害人手指断裂，法院如何判决？, 16岁打伤他人，导致手指断裂，民事赔偿金额应如何确定？",6.11605829000473
第二百六十六条刑法，金额九万多，四个人平分，但金额全部退回，还得到对方谅解，像这类情节严重吗,"根据《刑法》第二百六十六条，涉及金额九万多元的案件，四人平分且已全部退回，是否会影响判决结果？, 按照《刑法》第二百六十六条，金额达到九万多且已退还，是否能减轻处罚？, 根据《刑法》第二百六十六条规定，金额接近十万元且全额退赔，是否能作为减轻处罚的情节？, 根据《刑法》第二百六十六条，退还九万多元的赃款并获得谅解，是否能减轻刑罚？, 根据《刑法》第二百六十六条，九万多元的案件是否能减轻刑罚，尤其是退回款项并获得谅解的情况下？",6.31919139623642
购房者的信息泄露怎么办,"如果购房者的信息泄露，开发商该如何处理？, 如果开发商泄露了购房者的信息，购房者该如何维权？, 购房者的个人信息被泄露时，开发商的责任范围是什么？, 开发商如何确保购房者的个人信息不会泄露？, 开发商是否有责任保护购房者的信息不被泄露？",5.870564699172974
我只有离婚协议书再婚可以直接领结婚证吗,"离婚协议书签了之后可以直接去领结婚证吗？, 离婚协议书签了，但未办理离婚登记，能领结婚证吗？, 如果只签了离婚协议书，能否直接领取结婚证？, 如果我只有离婚协议书，能不能去领取结婚证？, 签了离婚协议后，是否可以马上申请结婚证？",6.355189204216003
被打了一拳鼻子出血，没有骨折，够成是什么罪,"被打了一拳导致鼻子出血，但没有骨折，这种情况会构成什么罪行？, 鼻子被打出血但未骨折，这样的情况如何定性为犯罪？, 鼻子被打出血但没有骨折，构成何种犯罪行为？, 鼻子受伤出血没有骨折，这样的伤害如何判定刑事责任？, 如果鼻子出血没有骨折，应该如何处理，是否会构成刑事责任？",5.861496686935425
通过中介看房，结果与房主私下交易有什么风险,"如果通过中介看房后，直接与房东私下交易，会有哪些风险？, 如果我通过中介看房后与房东达成私下协议，是否会承担违约风险？, 通过中介看房后与房东私下交易，是否会涉及违约责任？, 通过中介看房后，绕过中介与房东直接交易，是否构成违约？, 在中介安排看房后，直接与房东交易，是否构成违约并会承担相关责任？",6.512234210968018
离婚纠纷管辖权怎么确定,"离婚案件的管辖法院是如何确定的？, 离婚案件的管辖法院是根据哪些条件来判定的？, 离婚案件的管辖法院在原告住所地的情况下如何确定？, 离婚案件的管辖法院能否由被告所在地以外的法院决定？, 离婚案件的管辖法院是否与婚姻登记地有关？",5.892368704080582
入室抢劫故意杀人该怎样判决,"入室抢劫致人死亡应如何判刑？, 入室抢劫导致他人死亡，该怎么定罪量刑？, 入室抢劫致人死亡，是否会判处死刑？, 入室抢劫致人重伤或死亡，法院应如何判决？, 入室抢劫过程中致人死亡，法庭会如何判决？",6.792677700519562
酒驾110m取保候审法院还会判刑吗,"酒驾被取保候审后，法院是否还会判刑？, 如果酒驾超标并取保候审，法院是否会判刑？, 取保候审的酒驾案件，法院是否会进行判刑？, 取保候审的酒驾案件，法院会判缓刑吗？, 被取保候审的酒驾案件，最后会被判刑吗？",7.131047368049622
弟弟死亡哥哥可以继承他的房屋吗？如果政府要拆除有没有补偿,"如果弟弟去世，哥哥能否继承他的房产？, 如果弟弟过世，哥哥是否可以继承其房产？, 弟弟死后，哥哥能否继承他的房屋？, 弟弟死亡后，哥哥是否可以合法继承房屋？, 弟弟死后没有父母子女，哥哥是否可以继承房产？",7.028512597084045
满14周岁不满16周岁的犯贩卖毒品更负什么责任。,"根据我国刑法，未满16周岁的未成年人犯贩卖毒品会承担怎样的刑事责任？, 根据我国法律，未满16周岁犯贩卖毒品会受到怎样的刑事追究？, 根据我国刑法，未满16岁犯贩卖毒品的青少年会如何受到处罚？, 在我国，未满16岁犯贩卖毒品的青少年会受到什么样的处罚？, 根据中国刑法，未满16岁的青少年因贩卖毒品应如何从轻或减轻处罚？",6.896733045578003
被打轻伤二级赔多少钱,"被打轻伤二级能获得多少赔偿？, 被打轻伤二级后，能主张哪些赔偿项目？, 如果被打成轻伤二级，可以要求赔偿哪些费用？, 被打造成轻伤二级的情况下，赔偿标准是多少？, 轻伤二级治疗期间能要求赔偿哪些费用？",5.7727454006671906
出车祸当时没住院两天后住院住院费应该有谁出,"如果车祸发生后没有立即住院，几天后住院费用应该由谁承担？, 如果车祸发生后几天才住院，医院费用应该由谁承担？, 如果车祸伤害后两天才住院，费用应该由谁负责？, 如果车祸后住院，医院费用应由谁支付？, 车祸后两天才住院，住院费应由谁支付？",8.068694770336151
离婚后一方不给抚养费，还找不到人，怎么办,"离婚后另一方不支付抚养费，怎么处理？, 离婚后另一方不支付抚养费，如何合法维权？, 离婚后另一方不支付抚养费，如何通过法院追讨？, 离婚后一方不支付抚养费，如何通过法律手段解决？, 离婚后一方失联不支付抚养费，如何向法院申请解决？",7.130793750286102
不宜采取口头形式，电子合同属于书面形式吗,"电子合同是否可以视为书面合同的一种形式？, 电子合同是否被视为书面合同的一种合法形式？, 电子合同是否被视为书面合同的一种形式存在？, 电子合同是否可以被认定为一种书面形式的合同？, 电子合同在法律上是否视为书面形式的合同？",7.612547397613525
外卖小哥受伤，点餐人要不要赔偿,"外卖小哥在送餐途中受伤，是否应该由雇佣他的餐厅负责赔偿？, 如果外卖小哥受伤，是否应该由其雇主餐厅来承担赔偿责任？, 如果外卖员在送餐过程中受伤，责任是否应该由餐厅承担？, 如果外卖员送餐时受伤，责任是否应由餐厅承担？, 如果外卖员在送餐时受伤，餐厅是否应该负责其医药费？",7.218258261680603
我跟老公离婚老公说一分钱都不给我这怎么办,"我跟老公离婚，他说一分钱都不给我，怎么办？, 离婚时，我老公说不给我一分钱，我该怎么办？, 离婚时，我老公坚持不给我一分钱，能如何维权？, 老公说离婚时不给我一分财产，我可以怎么做？, 如果老公在离婚时不给我任何财产，我该怎么办？",6.85459703207016
猪场占地合同到期拆迁国家给补偿吗?,"猪场合同到期后，国家是否会提供补偿？, 合同期满拆迁猪场时，国家会提供什么样的补偿？, 合同期满后，猪场被拆迁时，国家如何补偿？, 如果猪场合同到期，拆迁时是否可以获得补偿？, 如果猪场合同到期，拆迁时需要支付建筑物补偿吗？",6.265128493309021
我们河*驻*店*舆*房*局就那么不*事吗？民心怨交房日期延长了六年了如今还没有一点动静,"我们的房产项目为什么已经延迟了六年，仍然没有任何进展？, 经过六年的等待，河驻店舆房局为什么依然没有交房的任何计划？, 为什么已经六年的时间过去了，河驻店舆房局依然没有解决交房问题？, 六年时间过去了，河驻店舆房局为何仍未给出交房的具体日期？, 六年的时间过去了，河驻店舆房局到底在拖延什么，为什么不解决交房问题？",4.616607069969177
本人在工地干活造成韧带拉伤劳务公司不给赔钱咋办,"我在工地上工作时韧带受伤，劳务公司拒绝赔偿，应该怎么办？, 工地工作中韧带受伤，劳务公司不愿赔偿，应该如何处理？, 工地上因工作受伤，劳务公司不愿赔偿，我该如何处理？, 工地受伤导致韧带拉伤，劳务公司不愿赔偿，应该如何要求赔偿？, 我的韧带在工地干活时受伤，劳务公司不赔偿，我该如何要求赔偿？",7.5065619349479675
婚后个人买的保险属于个人财产吗,"婚后购买的保险是否属于个人财产？, 婚前购买的保险，婚后是否还属于个人财产？, 结婚后为自己购买的保险，是否属于婚后个人财产？, 婚前个人购买的保险婚后是否仍视为个人财产？, 个人婚前购买的保险，婚后是否视为夫妻共同财产？",7.483190059661865
办理离婚协议注意哪些问题,"离婚前，夫妻双方应确保是自愿离婚吗？, 离婚时，夫妻双方应如何分割财产？, 离婚协议中的财产分割是否应优先考虑夫妻双方的实际情况？, 在离婚协议中，夫妻是否应列明婚前和婚后的财产清单？, 离婚协议中，是否需要详细注明财产的购买时间和所有权归属？",4.1716103702783585
"右手大拇指除外,手掌断离已接好,无名指与小指断掉了一截,请问是几级伤残","我的右手大拇指完好无损，但手掌断离已接好，无名指和小指缺失一部分，这属于几级伤残？, 如果右手大拇指没有受伤，手掌断离已接好，但无名指和小指缺失一部分，这种情况应该评定为几级伤残？, 右手大拇指完好无损，手掌已接合，但无名指和小指丧失了一部分，这种情况的伤残等级是几级？, 如果右手大拇指完好无损，手掌修复完成，无名指和小指缺失一些部分，这属于几级伤残？, 右手大拇指没有伤害，手掌已接好，无名指和小指缺失部分，伤残等级应评为几级？",7.297121465206146
补回来的银行卡有交易记录吗？,"补办的银行卡上会有之前的交易记录吗？, 补办的银行卡能看到原卡上的交易记录吗？, 补办的银行卡是否能查看之前的交易明细？, 重新补办的银行卡上是否能查到之前的交易？, 挂失补办的农行借记卡会包含原卡的交易记录吗？",6.503406345844269
贷的太少了，可以提前还清贷款，然后多贷点他用吗,"如果我还清了现有贷款，能否申请更高额度的贷款？, 如果我提前偿还贷款，是否能够申请更高额度的贷款？, 我已经还清贷款，是否能申请更高额度的贷款？, 我提前还清贷款，是否可以申请更大的贷款额度？, 我想问，如果提前还款，能否申请更高的贷款额度？",7.5075613260269165
能缓解资金周转问题吗,"申请贷款能帮助缓解资金周转困难吗？, 在资金紧张时，申请贷款能有效缓解现金流压力吗？, 面对资金短缺，申请贷款是否能够解决资金周转问题？, 资金不足时，申请贷款是否能够迅速解决问题？, 在急需资金时，贷款是否能够及时解决问题？",5.756302386522293
农行公户转对方农行公公要不要手续费,"农行公户转账到对方农行公户需要手续费吗？, 从一个农业银行公户转账到同一家银行的公户需要手续费吗？, 从一个农行公户转账到另一个农行公户要收费吗？, 转账到另一个农行公户时，手续费标准是什么？, 转账至农行的另一个公户是否会收取手续费？",5.9284961223602295
农行网银登录进去显示不出是怎么回事,"为什么我在登录农行网银时，页面显示不出来？, 为什么在登录农业银行网银时，页面无法正常显示？, 为什么登录农业银行网银时，页面始终无法显示正常内容？, 为什么农业银行网银登录页面始终没有显示任何信息？, 我在登录农行网银时，页面没有显示任何内容，怎么办？",6.181279182434082
想借高利贷需要什么,"借高利贷需要哪些条件？, 借高利贷需要准备哪些资料？, 申请高利贷时，借款人需要提供哪些信息？, 借高利贷的风险是什么？, 高利贷的申请流程是怎样的？",5.398611128330231
哪里住宿便宜，最便宜的那种,"农行的ETC信用卡持卡人如何领取酒店现金券？, ETC信用卡持卡人如何才能免费领取酒店现金券？, 怎样通过农行信用卡优惠频道领取酒店现金券？, 农行ETC卡用户能否享受酒店现金券优惠？, 如何通过农行官网查询300元酒店现金券的领取方式？",5.666717499494553
农行同行跨省多久到账,"农行跨省转账一般多久到账？, 通过农行个人掌银转账，多久能到账？, 从农行个人网银转账到本行需要多久才能到账？, 使用农行的普通转账，多久能够到账？, 使用农行普通转账方式，款项多长时间能到账？",5.678656220436096
我在农行有房贷了还可以办理车贷吗,"我已经在农行有房贷了，能否再申请车贷？, 已经在农行办理房贷，能否继续申请车贷？, 如果我在农行已有房贷，是否能同时办理车贷？, 我在农行有房贷，能不能同时办理车贷？, 我已经在农业银行有房贷，现在还可以办理车贷吗？",6.928563296794891
6320是哪个银行的号码,"6320开头的银行卡属于哪个银行？, 62##52开头的银行卡属于哪家银行？, 6320开头的卡号属于哪家银行？, 6320开头的银行卡号通常是哪家银行发行的？, 6320开头的银行卡是哪一银行的？",7.407915771007538
深圳市精工小额贷款有限公司是正规的吗？,"深圳市精工小额贷款有限公司是正规公司吗？, 深圳市精工小额贷款有限公司是正规企业吗？, 深圳精工小额贷款公司是正规的贷款平台吗？, 深圳精工小额贷款公司的经营模式合规吗？, 深圳精工小额贷款有限公司是否合法经营？",7.359437704086304
银行贵宾卡有什么特权，什么银行的最好用,"贵宾卡的特权有哪些？, 贵宾卡的贵宾客户有哪些专属服务？, 什么是贵宾客户？贵宾卡能提供哪些专享服务？, 银行的贵宾卡提供哪些高端客户服务？, 贵宾卡包含哪些高端服务项目？",5.488613784313202
老农提额失败，过多久可以重新申请提额,"农行信用卡提额失败后，需要多久才能重新申请提升额度？, 农行信用卡提额失败后，多久之后才可以再次尝试申请提升额度？, 农行信用卡提额失败，隔多久才能再次提交提升额度申请？, 农行信用卡提额失败，隔多久可以再次申请提高额度？, 申请农行信用卡提升额度失败，过多久可以重新发起请求？",7.888523459434509
国旭小额贷款可靠不,"国旭小额贷款是否值得信赖？, 国旭小额贷款是否有隐性费用？, 国旭小额贷款的信用保障如何？, 国旭小额贷款的信誉如何？, 国旭小额贷款的风险评估机制如何？",6.161333829164505
广州市盛融小额贷款股份有限公司是骗子公司吗？,"广州市盛融小额贷款股份有限公司是否是一家可靠的公司？, 广州市盛融小额贷款公司是不是一个不正规的贷款平台？, 广州市盛融小额贷款公司是否能提供正规贷款服务？, 如何确认广州市盛融小额贷款股份有限公司的合法性？, 盛融小额贷款公司是否存在欺诈行为？",6.155313283205032
农业银行APP申请的信用卡要去面签吗,"农业银行申请信用卡后需要去网点面签吗？, 在农业银行申请信用卡通过后，还需去网点面签吗？, 申请农业银行信用卡后，是否必须到指定网点面签？, 农业银行信用卡审核通过后，是否要到网点面签？, 信用卡申请通过后，农业银行是否要求持卡人到网点面签？",7.094513714313507
贵宾卡怎么做，贵宾卡有什么用处，贵宾卡大概多少钱,"贵宾卡有哪些主要功能？, 贵宾卡的机场服务有哪些具体项目？, 贵宾卡的贵宾客户服务有哪些专属优势？, 贵宾卡在机场享受哪些特权服务？, 贵宾卡可以为客户提供哪些专属服务？",5.395777195692062
刚出学校，想办信用卡，老是办不下来，怎么办呀,"我刚毕业，想办信用卡但一直办不下来，该怎么办？, 我刚毕业，办信用卡老是被拒绝，应该怎么办？, 刚毕业找工作，信用卡申请一直被拒，怎么办？, 我刚毕业，信用卡申请总是被拒，有什么方法可以办理？, 我刚从学校毕业，信用卡申请遇到困难，有什么途径能解决？",6.041545391082764
为人民服务的岗位，为什么不能贷款,"为什么我不能申请农行的贷款？, 为什么某些岗位不能办理农业银行的贷款？, 我符合条件为什么还是不能申请农业银行贷款？, 为什么不能在农业银行办理贷款？, 为什么无法通过农业银行申请贷款？",6.885915517807007
农业信用卡被锁定有申请解冻成功的短信吗,"农业信用卡被锁定后，是否有收到解冻成功的通知短信？, 解冻农业信用卡后，我是否能收到相关的解冻成功短信？, 农业信用卡解冻后，是否能收到银行的确认短信？, 解冻农业信用卡后，我会收到银行发送的成功解冻短信吗？, 我的农业信用卡被冻结了，申请解冻后是否会收到确认短信？",6.672542214393616
农行信用卡正常使用被冻结，怎么办？,"我的农行信用卡被冻结了，应该怎么解决？, 我的农行信用卡被冻结了，怎么办才能解除？, 我的农行信用卡被冻结了，我该如何确认冻结原因？, 农行信用卡被冻结了，我该怎样找出冻结的原因？, 如果农行信用卡被冻结了，应该如何处理？",7.3925007581710815
过生日了银行会发短信祝福吗？,"农行客户生日会收到祝福短信吗？, 农行的客户会在生日当天收到祝福短信吗？, 农行会在生日时给客户发祝福短信吗？, 农行会在客户的生日给我发祝福短信吗？, 农行是否会在客户生日时发送祝福短信？",7.417983829975128
网贷哪个口子容易放款,"网贷哪个平台容易审批放款？, 哪些网贷平台能够快速审批放款？, 哪个网贷平台可以快速放款？, 哪些网贷平台比较容易批准贷款？, 哪些网贷平台的放款审批速度最快？",6.961695849895477
人力资源和社会保障卡能贷款吗,"人力资源和社会保障卡能用于申请贷款吗？, 劳动和社会保障卡可以作为贷款申请的一部分吗？, 社会保障卡是否能作为贷款申请的有效证明？, 社会保障卡能否作为贷款的审批标准之一？, 社保卡是否可以作为贷款审核的依据？",5.7893359661102295
现金速递可以不还吗,"现金速递如果没有钱能不能不还？, 如果没钱，能不能不还现金速递的款？, 没有钱能不能不还现金速递贷款？, 没钱的话，现金速递能不能延迟不还？, 没钱了，现金速递借款能否不用还？",6.255006313323975
现金速递以后上征信吗？,"现金速递的借款会影响征信记录吗？, 现金速递的贷款会不会影响征信？, 现金速递的贷款会影响我的信用吗？, 现金速递借款是否会影响个人信用记录？, 现金速递借款是否会影响信用评估？",7.218820929527283
现金速递逾期能拖多久？,"现金速递逾期后可以拖延多长时间？, 现金速递逾期后，最迟可以拖多长时间还款？, 现金速递逾期后，可以延迟多少天才不会有太大后果？, 现金速递逾期后，能拖多少天才不会被催款？, 现金速递逾期之后，能延期多少天才不会影响信用评分？",6.032786935567856
货上钱上征信查征信吗,"在申请网捷贷时，是否会查征信记录？, 申请网捷贷的审批速度是否与征信记录有关？, 申请网捷贷时是否会检查我的信用评分？, 申请网捷贷是否需要提供征信报告？, 网捷贷申请过程中是否涉及到征信查询？",6.016336143016815
新手贷款，是去银行还是找第三方比较合适？,"新手贷款是选择银行好，还是找第三方机构更合适？, 新手贷款，是去银行找贷款更安全，还是选择第三方机构服务？, 新手贷款时，是选择银行贷款更保险，还是第三方贷款更方便？, 选择银行贷款还是找第三方贷款平台，哪个更适合新手？, 贷款新手去银行还是找第三方贷款机构更值得推荐？",6.2724050879478455
现金速递会打电话给贷款者吗,"现金速递会经常打电话给借款人吗？, 现金速递会不停打电话给贷款人吗？, 现金速递是否会经常给贷款者打电话？, 现金速递是否会给贷款者打很多电话？, 贷款人借款时，现金速递会不会一直打电话？",6.884679079055786
有什么贷款软件好用？,"有哪些贷款软件比较好用？, 哪些贷款平台比较靠谱？, 哪些贷款软件适合信用良好的用户？, 有哪些贷款软件是无抵押的小额贷款？, 哪些贷款平台审批速度快且方便？",4.792200922966003
拍拍贷发信息说借款成功，钱怎么还没到账？？？,"为什么我借款成功了，但钱还没有到账？, 为什么我借款已经成功，但款项还没有到账？, 为什么我借款通过后，钱还没有进入我的账户？, 我已经成功借款，怎么还没有看到款项到我的账户？, 我的借款成功了，可是钱怎么还没转到我账户？",6.399978578090668
已经在线下申请了还能再申请宜人贷吗,"我已经在线下申请了贷款，能否再次申请宜人贷？, 我已经通过线下途径提交了贷款申请，能否再次通过其他方式申请宜人贷？, 我已经在线下完成了贷款申请，是否还可以通过网上渠道申请宜人贷？, 如果我已经通过线下申请了贷款，是否还能通过网络申请宜人贷？, 如果已经在线下提交了贷款申请，我还能再尝试申请宜人贷吗？",7.082710683345795
通安驿镇贷款公司/小额贷款哪里好,"通安驿镇有哪些靠谱的小额贷款公司？, 在通安驿镇有哪些信任度高的贷款公司？, 通安驿镇的贷款公司中，哪些值得信赖？, 通安驿镇的小额贷款选择中，哪些比较靠谱？, 通安驿镇的小额贷款公司哪个比较好？",6.013739734888077
如订单支付超时，我需要怎么做才能重新支付,"如果订单支付超时，我该如何重新支付？, 订单支付超时，我如何重新尝试支付？, 订单支付超时，如何重新操作完成支付？, 订单支付失败后，如何重新尝试支付？, 订单支付超时，如何恢复支付并完成付款？",7.447925269603729
共分三次分别转入共18万，到银行查账后分别被转到三个地方这种情况怎么处理谢谢,"我通过分三次向银行转账18万，之后资金被转到三个不同的账户，这种情况该如何处理？, 我分三次向银行汇款18万，钱被转到三个不同账户，这个情况该如何处理？, 我向银行转账18万分三次，但钱被转到三个不同账户，该如何处理？, 我把18万分三次存入银行，之后资金被转到三个不同的账户，应该如何解决？, 我分三次转账18万到银行，之后资金转移到三个账户，如何处理这种情况？",7.9129475355148315
是不是用谁的身份证网贷，就必须要用谁名下的银行卡？有没有例外的？,"办理网贷时，是否必须使用贷款人名下的银行卡？, 办理农行网贷时，是否必须使用贷款人的银行卡？, 是否所有银行网贷都要求使用贷款人名下的银行卡办理？, 是否可以使用非贷款人名下的银行卡办理网贷？, 办理网贷时，贷款人和银行卡的名下是否需要一致？",6.643859088420868
哪里有卖银行卡账号的,"银行卡账号可以购买吗？, 如何获取银行卡账号，可以通过购买吗？, 可以通过购买银行卡获得账号吗？, 是否可以通过购买方式获得银行卡账号？, 可以通过购买获得农业银行的银行卡号吗？",6.346770823001862
手机网上银行打不开怎么回事，怎么办,"为什么我的手机无法通过浏览器登陆网上银行？, 为什么我的手机通过浏览器无法进入网上银行？, 为什么我的三星手机浏览器不能登陆网上银行？, 如何解决手机无法通过浏览器访问网上银行的问题？, 如何修复手机浏览器无法访问网上银行的问题？",6.602469980716705
把20万存农行定期一年的整存整取利息是多少钱,"如果我把20万元存入农行定期一年，利息是多少？, 我把20万元存入农行定期一年，年利息大概是多少？, 我把20万元存进农行一年定期，利息多少？, 如果我将20万存入农行一年期定期，能获得多少利息？, 如果将20万存农行定期一年，利息是多少？",8.25534462928772
重庆阿里小微小额贷款有限公司电话号码是多少,"重庆阿里小微小额贷款有限公司的联系电话是多少？, 重庆阿里小微小额贷款有限公司客服电话是多少？, 请问重庆阿里小微小额贷款有限公司电话是多少？, 重庆阿里小微小额贷款公司联系电话是什么？, 重庆阿里小微小额贷款有限公司的联系方式可以在哪里找到？",7.596075534820557
百度理财的钱有保险吗,"百度理财产品是否有保险保障？, 百度理财的产品是否可以享受保险保障？, 百度理财产品是否需要额外购买保险？, 是否可以通过百度理财产品购买保险服务？, 中国农业银行理财产品是否有保险服务？",5.977663725614548
三年10万下来利息多少,"三年存款10万元，能获得多少利息？, 三年10万元定期存款，最终能拿到多少利息？, 存款10万元三年，最后能赚多少利息？, 存款10万三年，能获取多少利息？, 10万元存三年，能得到多少利息？",8.139878511428833
小花钱包额度怎么提升？,"小花钱包的额度如何提升？, 小花钱包的额度如何通过正规途径提升？, 小花钱包的额度能通过哪些渠道提高？, 小花钱包额度提升的途径是什么？, 小花钱包额度提高的条件是什么？",6.767911851406097
小花钱包额度只有1500怎么办？,"小花的钱包额度只有1500，怎么办？, 我的钱包额度只有1500元，能怎么解决？, 如果我的钱包额度只有1500，能申请更高的额度吗？, 钱包额度只有1500，怎样才能获得更多的贷款？, 我的额度只有1500，如何才能获得更大的贷款额度？",5.6543630957603455
小花钱包到账需要多久,"小花钱包申请后多久能够到账？, 申请小花钱包之后多久才能收到款项？, 申请小花钱包贷款需要等多久才能收到款项？, 小花钱包贷款申请后需要几天才能收到资金？, 小花钱包贷款通过审核后需要等多久才能放款？",6.065048485994339
菜鸟理财的会员怎么样,"菜鸟理财的会员如何，可靠吗？, 你认为菜鸟理财的会员服务怎么样？, 你认为菜鸟理财的产品适合什么样的投资者？, 哪种理财方式最适合我作为菜鸟理财的会员？, 菜鸟理财的理财计划是否适合长期投资？",4.415474504232407
我前个星期周五下午4点多公卡跨行转账三万到农业银行，这个星期周三早上还没到账？,"上周五下午4点多我从公卡进行了一笔跨行转账，金额三万，为什么到今天周三早上还没到账？, 上周五下午四点多我进行了三万元的跨行转账，今天周三早上还是没有到账，为什么？, 上周五下午四点通过公卡做了三万的跨行转账，为什么周三早上还没到账？, 上周五下午4点多通过公卡跨行转账三万，为什么本周三早上还没有到账？, 为什么我上周五下午4点通过公卡跨行转账三万元，本周三早上还没到账？",8.136323690414429
小花钱包最多借多少？,"小花钱包最多可以借到多少钱？, 小花钱包最高可以借多少额度？, 小花钱包最高可以借款多少资金？, 小花钱包最多能借多少？, 小花钱包能借到的最大金额是多少？",7.3550549149513245
加元理财好还是英镑理财好,"选择加元理财还是英镑理财更好？, 选择加元理财还是英镑理财能获得更好的回报？, 选择加元理财与英镑理财哪个收益更高？, 是选择加元理财产品还是英镑理财产品更合适？, 应该选择加元理财还是英镑理财产品？",6.589584112167358
安创理财提现怎么还没到,"为什么我的理财提现还没有到账？, 为什么我的农业银行理财提现款项还没有到账？, 为什么我从农业银行提现的理财款项还没到？, 为什么我在农行提现的理财款项没有按时到账？, 为什么我提现的农业银行理财资金还没有到我的卡里？",6.9215182065963745
百广在线有理财资质吗,"百广在线是否具备理财资质？, 百广在线是否具备合法理财资质？, 百广在线是否有投资理财的合法资质？, 百广在线是否具备正规的理财服务资格？, 百广在线是否拥有理财业务相关资质？",7.308753430843353
有理树理财回款即时吗,"我可以随时取回我购买的理财产品吗？, 我购买的理财产品是随时可以赎回的吗？, 我购买的理财产品是否能即时赎回并回款？, 我的理财产品回款是否是即时处理的？, 中国农业银行的理财产品可以即时回款吗？",5.295244485139847
联通20块钱14个G的流量，是真的吗,"20块钱可以购买14GB的流量吗？, 20块钱可以购买14GB流量服务吗？, 20元能买到14GB的流量吗？, 20元能兑换14GB的流量套餐吗？, 20元能办理14GB流量套餐吗？",7.372366368770599
联通卡月底开通冰淇淋不限流量套餐怎么收费,"联通卡开通冰淇淋不限流量套餐的收费标准是什么？, 联通卡开通冰淇淋不限流量套餐的具体费用是什么？, 联通开通冰淇淋不限流量套餐的收费明细是怎样的？, 开通冰淇淋不限流量套餐，联通的收费标准是怎样的？, 如果开通冰淇淋不限流量套餐，联通卡的月费用是多少？",7.603262364864349
流量用完都怎么办了,"如果流量用完了怎么办？, 如果手机流量用完了，怎样才能再次上网？, 如果我的数据流量用光了，如何恢复？, 我的流量用完了，接下来应该怎么办？, 流量用光后，接下来应该怎么办？",5.5412406623363495
大王卡亲情卡怎么退款,"大王卡亲情卡如何办理退款？, 大王卡亲情卡怎么申请退费？, 怎么申请大王卡亲情卡退款？, 如何取消大王卡亲情卡并申请退款？, 大王卡亲情卡能退款吗？要怎么操作？",7.036255598068237
一夜了流量还没到账.也找不到客服，怎么办,"为什么我的流量还没到账，已经过了一夜了？, 为什么我的流量到现在还没有到账，已经等了一夜？, 我的流量已经等了一晚上，为什么还没有到账？, 我的流量申请已经过去了一晚上，为什么还没到账？, 一晚上过去了，为什么我的流量还没有到账？",7.100396752357483
联通人工客服怎么进去,"我怎样才能联系到人工客服？, 我怎样才能通过系统联系到人工客服？, 我怎么才能通过平台联系人工客服？, 我怎么才能找到人工客服？, 我怎样才能和人工客服进行对话？",7.633148908615112
哪个平台手机充值话费优惠一些,"哪个平台的手机话费充值有更多的优惠活动？, 哪个平台充值手机话费能得到更多优惠？, 哪个手机平台充值话费能享受更多优惠？, 手机话费充值在哪个平台能享受更大折扣？, 手机话费在哪个平台充值最有优惠？",7.502282500267029
流量如何变成积分,"流量如何转化为积分？, 流量怎么转化为积分？, 流量要如何才能转变为积分？, 流量如何才能变现为积分？, 流量怎么才能变成积分？",7.747658789157867
送的宽带账号和密码是多少,"我的宽带账号和密码是什么？, 我的宽带账号和密码是哪些？, 我的网络账号和密码是什么？, 我的网络账号和密码是多少？, 我的宽带账号密码是多少，请告诉我。",6.9577498733997345
沃普丰手机wpv2能用联通卡吗,"沃普丰WPV2手机支持联通卡吗？, 沃普丰WPV2手机支持联通的通话和上网服务吗？, 沃普丰WPV2手机能插联通的SIM卡吗？, 沃普丰WPV2手机是否能够插入联通SIM卡？, 我可以在沃普丰WPV2上使用联通的手机卡吗？",6.233279347419739
自己去营业厅注销的手机号不到一个月的时间可以再补办回来么,"如果我在营业厅注销了手机号，不到一个月能否重新办理回来？, 在营业厅注销手机号码后，能否在一个月内重新补办回来？, 我已经在营业厅注销的手机号，是否能在短时间内重新补办回来？, 我在营业厅注销的手机号，能否在短期内重新激活？, 我已经注销的手机号，是否能在一个月之内重新办理？",7.1565393805503845
怎么查询电话号码的实名登记,"如何查询电话号码的实名登记信息？, 如何检查电话号码的实名登记状态？, 有哪些途径可以查询电话号码的实名登记情况？, 有什么方式可以查看电话号码的实名登记情况？, 如何验证一个电话号码的实名信息？",6.908915936946869
流量漫游怎么计时,"流量漫游是如何计时的？, 漫游流量是如何计时和收费的？, 流量漫游是按怎样的标准进行计时和收费的？, 流量漫游期间，时间是如何被监控和计费的？, 流量漫游服务的计时是怎么规定的？",6.119110703468323
中国联通普通套餐怎么转腾讯大王*,"中国联通普通套餐如何更换为腾讯大王卡？, 中国联通普通套餐怎么转换为腾讯大王卡？, 中国联通普通套餐怎么切换为腾讯大王卡？, 中国联通的普通套餐如何切换为腾讯大王卡？, 如何将中国联通普通套餐更改为腾讯大王卡？",8.884985089302063
OP##15可以做成全网通的系统吗,"OP##15能实现全网通功能吗？, OP##15支持全网通功能吗？, OP##15是否能支持多网络制式的全网通功能？, OP##15能支持全网通网络吗？, OP##15是否支持全网通技术？",7.968518793582916
联通ADSL达不到速率，能投诉么,"ADSL连接速度未达到标准，是否可以投诉？, ADSL连接速度低，是否可以向运营商反映并投诉？, 由于ADSL网速过慢，是否能向运营商提出不满并投诉？, 如果ADSL网速未达预期，能向服务商提出投诉吗？, 如果ADSL网速一直不稳定，是否能提出投诉？",5.646942704916
我用腾讯大王卡时，为什么我在看微信的公众号的文章和照片不免流,"为什么我使用腾讯大王卡时，看微信公众号的文章和图片不会免流？, 使用腾讯大王卡时，为什么观看微信公众平台的文章和图片还会计费流量？, 我用腾讯大王卡时，为什么看公众号文章和照片还是会消耗流量？, 为什么腾讯大王卡在观看微信公众号文章和图片时，流量没有免除？, 为什么腾讯大王卡看微信公众号的文章和图片时流量不免？",7.577858746051788
红米2a维修要怎么做,"红米2A手机故障该怎么修理？, 红米2A手机出现故障应如何进行维修？, 红米2A出现故障如何进行修复？, 红米2A手机出现问题时该怎么办？, 红米2A出现问题需要怎样处理？",6.822507679462433
查电话号码的归属地和用电话号码人的姓名怎么查,"如何查找一个电话号码的归属地和主人的姓名？, 怎样才能得知一个电话号码的归属地区和主人的信息？, 如何才能根据电话号码查询到归属地及号码主人的姓名？, 有什么方式能够查到一个电话号码的归属地和姓名？, 有没有方法可以查到电话号码的归属地以及使用者的名字？",6.378446877002716
怎么投诉联通宽带的安装人员,"如何向联通投诉宽带安装人员的服务质量？, 如何投诉联通宽带安装人员的服务态度和效率？, 如何投诉联通宽带安装人员在工作中的不尽职行为？, 联通宽带安装人员的工作态度不好，如何投诉？, 我该如何举报联通宽带安装人员的失职行为？",6.5194098353385925
百度圣卡可以查每月一共用了多少免流流量么,"百度圣卡能查询每个月的免流量使用情况吗？, 百度圣卡可以查到每月的免流量使用情况吗？, 在百度圣卡中可以查询每月免流流量的使用情况吗？, 百度圣卡能查询到免流量每月的使用数据吗？, 能在百度圣卡中查看免流量每月的使用详情吗？",8.263234913349152
能不能提前知道营业厅的排队情况济南联通的？,"我能提前了解济南联通营业厅的排队情况吗？, 如果我想去济南联通营业厅，能提前知道排队情况吗？, 在济南联通营业厅排队的时候，可以提前知道排队情况吗？, 济南联通营业厅的排队情况能提前掌握吗？, 济南联通的营业厅排队情况可以提前得知吗？",7.910428941249847
我们小区能安联通的宽带吗,"我们小区可以安装联通宽带吗？, 我们小区能安装联通提供的宽带服务吗？, 我们小区是否能安装联通的网络宽带？, 我们小区能选择联通宽带作为网络服务吗？, 我们小区的网络可以接入联通宽带吗？",7.34214574098587
VO###T898S支持联通吗,"VO###T898S能支持联通网络吗？, VO###T898S能连接到联通的网络吗？, VO###T898S是否能接入联通的通信网络？, VO###T898S是否兼容联通的网络？, VO###T898S是否支持联通的4G/5G网络？",7.6629955768585205
大圣卡为什么激活不了百度音乐,"为什么大圣卡无法激活百度音乐？, 为什么我的大圣卡不能顺利激活百度音乐？, 大圣卡为什么不能成功激活百度音乐？, 我为什么无法使用大圣卡激活百度音乐？, 大圣卡为什么在激活百度音乐时无法生效？",7.621639668941498
现办理的百度圣卡能不能办理副卡的？,"现有的百度圣卡可以办理副卡吗？, 目前百度圣卡能否办理副卡？, 百度圣卡能否办理额外的副卡？, 百度圣卡是否可以办理副卡服务？, 百度圣卡是否支持办理副卡？",7.7353421449661255
注销手机号有哪些注意事项,"注销手机号时需要注意哪些事项？, 注销手机号时，需要确认哪些细节事项？, 在办理手机号注销时应该留意哪些问题？, 注销手机号时，用户需要提供哪些信息？, 手机号注销时需要满足哪些条件？",6.67963719367981
能加入98省内不限量套餐么,"98元套餐可以加入不限量流量吗？, 98元套餐可以设置为不限量流量吗？, 98元套餐可以调整为不限量流量吗？, 可以将98元套餐改为不限量流量吗？, 我可以在98元套餐中添加不限量流量吗？",8.063986361026764
百度圣卡，蚂蚁宝卡，京东强卡，米粉卡，哪个最合算,"圣卡、蚂蚁宝卡、京东强卡、米粉卡哪个性价比最高？, 圣卡、蚂蚁宝卡、京东强卡、米粉卡哪个卡的性价比最优？, 圣卡、蚂蚁宝卡、京东强卡、米粉卡哪个卡最具价值？, 圣卡、蚂蚁宝卡、京东强卡、米粉卡哪个卡的套餐更加划算？, 圣卡、蚂蚁宝卡、京东强卡和米粉卡中，哪个套餐最具吸引力？",7.995497524738312
中国联通怎么领取全国交通安全日活动的500M,"中国联通如何领取全国交通安全日的500MB流量？, 中国联通用户怎样领取全国交通安全日的500MB流量？, 我是中国联通用户，如何领取全国交通安全日的500MB流量？, 在中国联通，怎样才能领取全国交通安全日的500MB流量？, 如何通过中国联通领取全国交通安全日活动的500MB流量？",7.889860212802887
我用华为青春版手机，卡1用移动，卡2用联通，如何使用卡2流量？,"如何在华为青春版手机上使用卡2的流量？, 如何在华为青春版手机上切换到卡2的网络数据流量？, 如何在华为青春版手机中切换卡2流量为主数据流量？, 如何在华为青春版的设置中启用卡2的数据流量？, 怎样在华为青春版手机上启用卡2的数据服务？",7.506851971149445
百度天圣卡怎么申请百度天圣卡办理地址分享,"百度天圣卡怎么申请？, 请问百度天圣卡如何申请？, 百度天圣卡申请在哪里办理？, 百度天圣卡的申请地址在哪里？, 百度天圣卡申请的详细地址是什么？",6.681089282035828
蚂蚁宝卡支付宝免流怎么样蚂蚁宝卡免流详情介绍,"蚂蚁宝卡的支付宝免流是什么样的？, 蚂蚁宝卡的支付宝免流是如何计费的？, 蚂蚁宝卡支付宝免流是怎样的体验？, 蚂蚁宝卡支付宝免流的具体使用方法是什么？, 蚂蚁宝卡的支付宝免流是否仅限特定时间段使用？",5.974658370018005
百度女神卡是什么百度女神卡怎么申请办理,"什么是百度女神卡？, 如何获取百度女神卡？, 如何办理百度女神卡？, 如何才能顺利申请到百度女神卡？, 如何成为百度女神卡的持卡人？",5.937375754117966
荣耀10到底是什么颜色,"荣耀10手机到底是有哪些颜色？, 荣耀10手机的颜色都有哪些选择？, 荣耀10的手机颜色有哪些？, 荣耀10的颜色选择有哪些？, 荣耀10的颜色款式都有哪些？",7.252613425254822
116蚂蚁宝卡有免费的联通秘书吗,"蚂蚁宝卡是否包含免费的联通秘书服务？, 蚂蚁宝卡是不是包含免费的联通秘书服务？, 蚂蚁宝卡是不是有免费的联通秘书功能？, 蚂蚁宝卡的用户能否享受免费的联通秘书服务？, 使用蚂蚁宝卡能否享受免费的联通秘书服务？",7.83023327589035
开通流量100GB多少钱一个月,"每个月100GB流量的费用是多少？, 每月100GB流量的费用是多少？, 每月100GB的数据流量费用是多少？, 100GB数据流量每月的费用是多少？, 100GB数据流量每月的费用大致是多少？",8.0469029545784
联通171卡怎么投诉,"如何投诉联通171卡的问题？, 如何投诉联通171卡的故障或问题？, 如何通过联通投诉171卡的相关问题？, 我该如何向联通反映171卡的问题？, 怎样向联通客服投诉171卡遇到的困扰？",6.417831599712372
有没有无线宽带？那种不需要网线的，多少钱？,"有没有不需要网线的无线宽带服务？多少钱？, 有没有不需要插网线的无线网络服务？多少钱？, 有没有那种无需接入网线的无线宽带服务？收费是多少？, 有没有一种无线宽带服务不需要网线，收费大概是多少？, 有没有提供无线宽带的套餐？不需要插网线的那种，价格大概是多少？",6.367367804050446
诺基亚6二代插联通4g卡不能上网是什么情况,"诺基亚6二代插入联通4G卡后无法上网是什么原因？, 诺基亚6二代插入联通4G卡后无法联网，可能是哪些原因？, 联通4G卡插入诺基亚6二代后上不了网，可能是什么原因？, 诺基亚6二代插入联通4G卡，手机却无法联网，是什么问题？, 诺基亚6二代插入联通4G卡后无法上网，如何解决？",7.763068914413452
腾讯王*宽带怎么办理腾讯王*宽带办理方法介绍,"腾讯王宽带如何办理？, 开通腾讯王宽带应该怎么办理？, 想办理腾讯王宽带，应该怎么做？, 想用腾讯王宽带，应该怎么申请？, 如何进行腾讯王宽带的申请和办理？",6.423725664615631
联通宽带拆机了，包年没到期的怎么退,"我在联通宽带拆机了，包年服务还没有到期，应该怎么申请退款？, 我的联通宽带已经拆机，包年还没有到期，应该如何处理退款问题？, 我的联通宽带拆机了，包年没有到期，如何申请剩余费用退款？, 联通宽带拆机了，包年服务还没到期，怎么把剩余的费用退回来？, 联通宽带拆机了，包年还没到期，如何退掉未使用的费用？",7.076850354671478
ME632是只有联通3G卡才能用吗,"ME632是否只能使用联通3G卡？, ME632是否限制只能使用联通的3G卡？, ME632是否只能插入联通的3G SIM卡？, ME632是否只能与联通3G卡配合使用？, ME632是否能兼容其他3G卡，还是只能用联通卡？",6.871995449066162
通过空中充值，充错号码就真的不能取消吗,"空中充值时，如果输入错误的号码，真的不能撤销吗？, 如果空中充值时充错了号码，是否一定不能撤回？, 如果在空中充值过程中输错了号码，是否不能进行退款或修改？, 如果空中充值错了号码，是否可以纠正或取消？, 充值过程中输入了错误的号码，空中充值系统能否进行修改？",6.144481182098389
联通优惠总量什么意思,"联通优惠总量是指什么？, 联通优惠总量具体是指什么？, 联通优惠总量的概念是什么？, 联通优惠总量是什么意思？, 联通优惠总量有什么含义？",7.857760488986969
现在办理什么宽带比较好,"现在办理哪家的宽带比较合适？, 现在办理宽带，哪个比较合适？, 目前办理哪种宽带最合适？, 目前选择办理哪个宽带比较好？, 目前办理什么宽带比较经济实惠？",6.9072964787483215
请问蔡家坡哪里有充话费送手机的地方,"蔡家坡哪里有办充话费送手机的地方？, 在蔡家坡哪里有提供充话费送手机优惠的地方？, 在蔡家坡哪里有充话费送手机的促销活动？, 蔡家坡哪里有这样的充话费送手机的优惠活动？, 蔡家坡哪里有充话费送手机的活动可以参加？",7.5290597677230835
富力城里是不是开了个联通营业厅,"富力城里有联通营业厅开设吗？, 富力城有开通联通营业厅吗？, 富力城区域内有联通营业厅吗？, 富力城附近有联通营业厅吗？, 富力城有联通的营业厅服务吗？",7.981558442115784
联通现在客服打不通吗,"现在客服打不通是怎么回事？, 现在客服打不通，是不是正在维护？, 客服现在是不是有问题，怎么打都打不通？, 是否客服热线出现了故障，我怎么都打不通？, 现在打客服电话怎么总是打不通呢？",4.836047857999802
如何准确区分流量使用情况,"如何准确分析流量使用的详细情况？, 如何追踪流量的使用情况并准确了解？, 如何精确统计和分析流量的消耗情况？, 如何检查并分析自己设备的流量使用状况？, 如何才能清晰了解我的流量使用情况？",6.362925410270691
杭州联通有没有不限流量的套餐,"杭州联通提供不限流量的套餐吗？, 杭州联通有提供不限流量套餐的选择吗？, 在杭州，联通有提供不限流量套餐的服务吗？, 杭州联通有没有提供不限流量的手机套餐？, 杭州联通有没有推出无限流量的套餐？",7.782650053501129
联通月租最低的是什么套餐,"哪个套餐的月租最便宜？, 哪个套餐的月租价格最便宜？, 目前哪个套餐的月租最便宜？, 哪种套餐的月租是最便宜的？, 哪个套餐的月租费用最低？",8.225122690200806
手机无限流量怎么办理,"如何办理手机无限流量套餐？, 有没有推荐的手机无限流量套餐，如何办理？, 手机无限流量套餐有哪些限制，如何办理？, 手机无限流量套餐是否支持家庭共享，如何办理？, 哪些运营商有手机无限流量套餐可以办理？",6.213164746761322
什么是“国寿专享卡”？,"什么是“国寿专享卡”，它有什么特点？, 使用“国寿专享卡”有哪些优惠政策？, 使用“国寿专享卡”会有什么风险或限制吗？, “国寿专享卡”具体包含哪些优惠和服务？, “国寿专享卡”有什么特别的附加服务吗？",5.486348181962967
月末流量又不够用了，有什么实惠的移动流量包介绍吗？,"月底流量不够用了，有没有合适的流量包推荐？, 这个月底流量不够用了，有没有什么优惠流量包可以选择？, 我的流量快用完了，月底了，有什么划算的流量包可以选？, 流量用得差不多了，有没有优惠的流量包可以补充？, 流量快用光了，有没有适合月末补充的实惠流量套餐？",5.952760100364685
“国寿专享卡”可以通过什么渠道办理？,"国寿专享卡如何办理？, 我该如何办理国寿专享卡？, 如何办理国寿专享卡？都有哪些渠道？, 如何通过不同渠道办理国寿专享卡？, 如何通过不同的渠道申请国寿专享卡？",6.253564953804016
